<?xml version="1.0" encoding="UTF-8"?>
<project-private xmlns="http://www.netbeans.org/ns/project-private/1">
    <editor-bookmarks xmlns="http://www.netbeans.org/ns/editor-bookmarks/2" lastBookmarkId="0"/>
    <open-files xmlns="http://www.netbeans.org/ns/projectui-open-files/2">
        <group>
            <file>file:/j/devel/NB/se/nnm-telnet/src/nnm/inet/telnet/go.java</file>
            <file>file:/j/devel/NB/se/nnm-telnet/src/nnm/inet/telnet/Serial.java</file>
            <file>file:/j/devel/NB/se/nnm-telnet/src/nnm/inet/telnet/JTerm.java</file>
            <file>file:/j/devel/NB/se/nnm-telnet/src/nnm/inet/telnet/JTerminal.java</file>
        </group>
    </open-files>
</project-private>
